<?xml version="1.0" encoding="UTF-8"?>
<project-private xmlns="http://www.netbeans.org/ns/project-private/1">
    <editor-bookmarks xmlns="http://www.netbeans.org/ns/editor-bookmarks/2" lastBookmarkId="0"/>
    <open-files xmlns="http://www.netbeans.org/ns/projectui-open-files/2">
        <group>
            <file>file:/C:/Users/t.lippert/Documents/NetBeansProjects/Client/src/client/Client.java</file>
            <file>file:/C:/Users/t.lippert/Documents/NetBeansProjects/Client/src/gui/ClientGUI.java</file>
            <file>file:/C:/Users/t.lippert/Documents/NetBeansProjects/Client/src/threads/ClientWriteThread.java</file>
            <file>file:/C:/Users/t.lippert/Documents/NetBeansProjects/Client/src/threads/ClientReadThread.java</file>
            <file>file:/C:/Users/t.lippert/Documents/NetBeansProjects/Client/src/gui/TextInputDialog.java</file>
            <file>file:/C:/Users/t.lippert/Documents/NetBeansProjects/Client/src/gui/CustomDisplayComponent.java</file>
            <file>file:/C:/Users/t.lippert/Documents/NetBeansProjects/Client/src/client/Controller.java</file>
            <file>file:/C:/Users/t.lippert/Documents/NetBeansProjects/Client/src/gui/GUIController.java</file>
            <file>file:/C:/Users/t.lippert/Documents/NetBeansProjects/Client/src/gui/LoginUI.java</file>
            <file>file:/C:/Users/t.lippert/Documents/NetBeansProjects/Client/src/gui/ChatRoom.java</file>
        </group>
    </open-files>
</project-private>
